Product_Name,Image_URL,Lowest_Price,Best_Store,Best_Store_Buy_URL,Amazon_URL,Flipkart_URL,eBay_URL,Temu_URL,Alibaba_URL,AliExpress_URL,Myntra_URL,Meesho_URL
Apple iPhone 15 128GB Black,https://images.unsplash.com/photo-1523275335684-37898b6baf30?w=300&auto=format&fit=crop,Check Live Offers,Amazon / Flipkart,https://www.amazon.in/s?k=Apple+iPhone+15+128GB+Black,https://www.amazon.in/s?k=Apple+iPhone+15+128GB+Black,https://www.flipkart.com/search?q=Apple+iPhone+15+128GB+Black,https://www.ebay.com/sch/i.html?_nkw=Apple+iPhone+15+128GB+Black,https://www.temu.com/search_result.html?search_key=Apple+iPhone+15+128GB+Black,https://www.alibaba.com/trade/search?SearchText=Apple+iPhone+15+128GB+Black,https://www.aliexpress.com/w/wholesale-apple+iphone+15+128gb+black.html,https://www.myntra.com/apple+iphone+15+128gb+black,https://www.meesho.com/search?q=Apple+iPhone+15+128GB+Black
Apple iPhone 15 256GB Blue,https://images.unsplash.com/photo-1523275335684-37898b6baf30?w=300&auto=format&fit=crop,Check Live Offers,Amazon / Flipkart,https://www.amazon.in/s?k=Apple+iPhone+15+256GB+Blue,https://www.amazon.in/s?k=Apple+iPhone+15+256GB+Blue,https://www.flipkart.com/search?q=Apple+iPhone+15+256GB+Blue,https://www.ebay.com/sch/i.html?_nkw=Apple+iPhone+15+256GB+Blue,https://www.temu.com/search_result.html?search_key=Apple+iPhone+15+256GB+Blue,https://www.alibaba.com/trade/search?SearchText=Apple+iPhone+15+256GB+Blue,https://www.aliexpress.com/w/wholesale-apple+iphone+15+256gb+blue.html,https://www.myntra.com/apple+iphone+15+256gb+blue,https://www.meesho.com/search?q=Apple+iPhone+15+256GB+Blue
Apple iPhone 14 128GB Midnight,https://images.unsplash.com/photo-1523275335684-37898b6baf30?w=300&auto=format&fit=crop,Check Live Offers,Amazon / Flipkart,https://www.amazon.in/s?k=Apple+iPhone+14+128GB+Midnight,https://www.amazon.in/s?k=Apple+iPhone+14+128GB+Midnight,https://www.flipkart.com/search?q=Apple+iPhone+14+128GB+Midnight,https://www.ebay.com/sch/i.html?_nkw=Apple+iPhone+14+128GB+Midnight,https://www.temu.com/search_result.html?search_key=Apple+iPhone+14+128GB+Midnight,https://www.alibaba.com/trade/search?SearchText=Apple+iPhone+14+128GB+Midnight,https://www.aliexpress.com/w/wholesale-apple+iphone+14+128gb+midnight.html,https://www.myntra.com/apple+iphone+14+128gb+midnight,https://www.meesho.com/search?q=Apple+iPhone+14+128GB+Midnight
Apple iPhone 13 128GB Starlight,https://images.unsplash.com/photo-1523275335684-37898b6baf30?w=300&auto=format&fit=crop,Check Live Offers,Amazon / Flipkart,https://www.amazon.in/s?k=Apple+iPhone+13+128GB+Starlight,https://www.amazon.in/s?k=Apple+iPhone+13+128GB+Starlight,https://www.flipkart.com/search?q=Apple+iPhone+13+128GB+Starlight,https://www.ebay.com/sch/i.html?_nkw=Apple+iPhone+13+128GB+Starlight,https://www.temu.com/search_result.html?search_key=Apple+iPhone+13+128GB+Starlight,https://www.alibaba.com/trade/search?SearchText=Apple+iPhone+13+128GB+Starlight,https://www.aliexpress.com/w/wholesale-apple+iphone+13+128gb+starlight.html,https://www.myntra.com/apple+iphone+13+128gb+starlight,https://www.meesho.com/search?q=Apple+iPhone+13+128GB+Starlight
Samsung Galaxy S24 Ultra 256GB,https://images.unsplash.com/photo-1523275335684-37898b6baf30?w=300&auto=format&fit=crop,Check Live Offers,Amazon / Flipkart,https://www.amazon.in/s?k=Samsung+Galaxy+S24+Ultra+256GB,https://www.amazon.in/s?k=Samsung+Galaxy+S24+Ultra+256GB,https://www.flipkart.com/search?q=Samsung+Galaxy+S24+Ultra+256GB,https://www.ebay.com/sch/i.html?_nkw=Samsung+Galaxy+S24+Ultra+256GB,https://www.temu.com/search_result.html?search_key=Samsung+Galaxy+S24+Ultra+256GB,https://www.alibaba.com/trade/search?SearchText=Samsung+Galaxy+S24+Ultra+256GB,https://www.aliexpress.com/w/wholesale-samsung+galaxy+s24+ultra+256gb.html,https://www.myntra.com/samsung+galaxy+s24+ultra+256gb,https://www.meesho.com/search?q=Samsung+Galaxy+S24+Ultra+256GB
Samsung Galaxy S23 FE 5G,https://images.unsplash.com/photo-1523275335684-37898b6baf30?w=300&auto=format&fit=crop,Check Live Offers,Amazon / Flipkart,https://www.amazon.in/s?k=Samsung+Galaxy+S23+FE+5G,https://www.amazon.in/s?k=Samsung+Galaxy+S23+FE+5G,https://www.flipkart.com/search?q=Samsung+Galaxy+S23+FE+5G,https://www.ebay.com/sch/i.html?_nkw=Samsung+Galaxy+S23+FE+5G,https://www.temu.com/search_result.html?search_key=Samsung+Galaxy+S23+FE+5G,https://www.alibaba.com/trade/search?SearchText=Samsung+Galaxy+S23+FE+5G,https://www.aliexpress.com/w/wholesale-samsung+galaxy+s23+fe+5g.html,https://www.myntra.com/samsung+galaxy+s23+fe+5g,https://www.meesho.com/search?q=Samsung+Galaxy+S23+FE+5G
Samsung Galaxy M34 5G,https://images.unsplash.com/photo-1523275335684-37898b6baf30?w=300&auto=format&fit=crop,Check Live Offers,Amazon / Flipkart,https://www.amazon.in/s?k=Samsung+Galaxy+M34+5G,https://www.amazon.in/s?k=Samsung+Galaxy+M34+5G,https://www.flipkart.com/search?q=Samsung+Galaxy+M34+5G,https://www.ebay.com/sch/i.html?_nkw=Samsung+Galaxy+M34+5G,https://www.temu.com/search_result.html?search_key=Samsung+Galaxy+M34+5G,https://www.alibaba.com/trade/search?SearchText=Samsung+Galaxy+M34+5G,https://www.aliexpress.com/w/wholesale-samsung+galaxy+m34+5g.html,https://www.myntra.com/samsung+galaxy+m34+5g,https://www.meesho.com/search?q=Samsung+Galaxy+M34+5G
OnePlus 12R 5G Cool Blue,https://images.unsplash.com/photo-1523275335684-37898b6baf30?w=300&auto=format&fit=crop,Check Live Offers,Amazon / Flipkart,https://www.amazon.in/s?k=OnePlus+12R+5G+Cool+Blue,https://www.amazon.in/s?k=OnePlus+12R+5G+Cool+Blue,https://www.flipkart.com/search?q=OnePlus+12R+5G+Cool+Blue,https://www.ebay.com/sch/i.html?_nkw=OnePlus+12R+5G+Cool+Blue,https://www.temu.com/search_result.html?search_key=OnePlus+12R+5G+Cool+Blue,https://www.alibaba.com/trade/search?SearchText=OnePlus+12R+5G+Cool+Blue,https://www.aliexpress.com/w/wholesale-oneplus+12r+5g+cool+blue.html,https://www.myntra.com/oneplus+12r+5g+cool+blue,https://www.meesho.com/search?q=OnePlus+12R+5G+Cool+Blue
OnePlus Nord CE 3 Lite,https://images.unsplash.com/photo-1523275335684-37898b6baf30?w=300&auto=format&fit=crop,Check Live Offers,Amazon / Flipkart,https://www.amazon.in/s?k=OnePlus+Nord+CE+3+Lite,https://www.amazon.in/s?k=OnePlus+Nord+CE+3+Lite,https://www.flipkart.com/search?q=OnePlus+Nord+CE+3+Lite,https://www.ebay.com/sch/i.html?_nkw=OnePlus+Nord+CE+3+Lite,https://www.temu.com/search_result.html?search_key=OnePlus+Nord+CE+3+Lite,https://www.alibaba.com/trade/search?SearchText=OnePlus+Nord+CE+3+Lite,https://www.aliexpress.com/w/wholesale-oneplus+nord+ce+3+lite.html,https://www.myntra.com/oneplus+nord+ce+3+lite,https://www.meesho.com/search?q=OnePlus+Nord+CE+3+Lite
Realme 12 Pro Plus 5G,https://images.unsplash.com/photo-1523275335684-37898b6baf30?w=300&auto=format&fit=crop,Check Live Offers,Amazon / Flipkart,https://www.amazon.in/s?k=Realme+12+Pro+Plus+5G,https://www.amazon.in/s?k=Realme+12+Pro+Plus+5G,https://www.flipkart.com/search?q=Realme+12+Pro+Plus+5G,https://www.ebay.com/sch/i.html?_nkw=Realme+12+Pro+Plus+5G,https://www.temu.com/search_result.html?search_key=Realme+12+Pro+Plus+5G,https://www.alibaba.com/trade/search?SearchText=Realme+12+Pro+Plus+5G,https://www.aliexpress.com/w/wholesale-realme+12+pro+plus+5g.html,https://www.myntra.com/realme+12+pro+plus+5g,https://www.meesho.com/search?q=Realme+12+Pro+Plus+5G
Redmi Note 13 Pro 5G,https://images.unsplash.com/photo-1523275335684-37898b6baf30?w=300&auto=format&fit=crop,Check Live Offers,Amazon / Flipkart,https://www.amazon.in/s?k=Redmi+Note+13+Pro+5G,https://www.amazon.in/s?k=Redmi+Note+13+Pro+5G,https://www.flipkart.com/search?q=Redmi+Note+13+Pro+5G,https://www.ebay.com/sch/i.html?_nkw=Redmi+Note+13+Pro+5G,https://www.temu.com/search_result.html?search_key=Redmi+Note+13+Pro+5G,https://www.alibaba.com/trade/search?SearchText=Redmi+Note+13+Pro+5G,https://www.aliexpress.com/w/wholesale-redmi+note+13+pro+5g.html,https://www.myntra.com/redmi+note+13+pro+5g,https://www.meesho.com/search?q=Redmi+Note+13+Pro+5G
Poco X6 Pro 5G,https://images.unsplash.com/photo-1523275335684-37898b6baf30?w=300&auto=format&fit=crop,Check Live Offers,Amazon / Flipkart,https://www.amazon.in/s?k=Poco+X6+Pro+5G,https://www.amazon.in/s?k=Poco+X6+Pro+5G,https://www.flipkart.com/search?q=Poco+X6+Pro+5G,https://www.ebay.com/sch/i.html?_nkw=Poco+X6+Pro+5G,https://www.temu.com/search_result.html?search_key=Poco+X6+Pro+5G,https://www.alibaba.com/trade/search?SearchText=Poco+X6+Pro+5G,https://www.aliexpress.com/w/wholesale-poco+x6+pro+5g.html,https://www.myntra.com/poco+x6+pro+5g,https://www.meesho.com/search?q=Poco+X6+Pro+5G
Vivo V30 Pro 5G,https://images.unsplash.com/photo-1523275335684-37898b6baf30?w=300&auto=format&fit=crop,Check Live Offers,Amazon / Flipkart,https://www.amazon.in/s?k=Vivo+V30+Pro+5G,https://www.amazon.in/s?k=Vivo+V30+Pro+5G,https://www.flipkart.com/search?q=Vivo+V30+Pro+5G,https://www.ebay.com/sch/i.html?_nkw=Vivo+V30+Pro+5G,https://www.temu.com/search_result.html?search_key=Vivo+V30+Pro+5G,https://www.alibaba.com/trade/search?SearchText=Vivo+V30+Pro+5G,https://www.aliexpress.com/w/wholesale-vivo+v30+pro+5g.html,https://www.myntra.com/vivo+v30+pro+5g,https://www.meesho.com/search?q=Vivo+V30+Pro+5G
Oppo Reno 11 Pro,https://images.unsplash.com/photo-1523275335684-37898b6baf30?w=300&auto=format&fit=crop,Check Live Offers,Amazon / Flipkart,https://www.amazon.in/s?k=Oppo+Reno+11+Pro,https://www.amazon.in/s?k=Oppo+Reno+11+Pro,https://www.flipkart.com/search?q=Oppo+Reno+11+Pro,https://www.ebay.com/sch/i.html?_nkw=Oppo+Reno+11+Pro,https://www.temu.com/search_result.html?search_key=Oppo+Reno+11+Pro,https://www.alibaba.com/trade/search?SearchText=Oppo+Reno+11+Pro,https://www.aliexpress.com/w/wholesale-oppo+reno+11+pro.html,https://www.myntra.com/oppo+reno+11+pro,https://www.meesho.com/search?q=Oppo+Reno+11+Pro
Motorola Edge 40 Neo,https://images.unsplash.com/photo-1523275335684-37898b6baf30?w=300&auto=format&fit=crop,Check Live Offers,Amazon / Flipkart,https://www.amazon.in/s?k=Motorola+Edge+40+Neo,https://www.amazon.in/s?k=Motorola+Edge+40+Neo,https://www.flipkart.com/search?q=Motorola+Edge+40+Neo,https://www.ebay.com/sch/i.html?_nkw=Motorola+Edge+40+Neo,https://www.temu.com/search_result.html?search_key=Motorola+Edge+40+Neo,https://www.alibaba.com/trade/search?SearchText=Motorola+Edge+40+Neo,https://www.aliexpress.com/w/wholesale-motorola+edge+40+neo.html,https://www.myntra.com/motorola+edge+40+neo,https://www.meesho.com/search?q=Motorola+Edge+40+Neo
MacBook Air M2 256GB Space Grey,https://images.unsplash.com/photo-1523275335684-37898b6baf30?w=300&auto=format&fit=crop,Check Live Offers,Amazon / Flipkart,https://www.amazon.in/s?k=MacBook+Air+M2+256GB+Space+Grey,https://www.amazon.in/s?k=MacBook+Air+M2+256GB+Space+Grey,https://www.flipkart.com/search?q=MacBook+Air+M2+256GB+Space+Grey,https://www.ebay.com/sch/i.html?_nkw=MacBook+Air+M2+256GB+Space+Grey,https://www.temu.com/search_result.html?search_key=MacBook+Air+M2+256GB+Space+Grey,https://www.alibaba.com/trade/search?SearchText=MacBook+Air+M2+256GB+Space+Grey,https://www.aliexpress.com/w/wholesale-macbook+air+m2+256gb+space+grey.html,https://www.myntra.com/macbook+air+m2+256gb+space+grey,https://www.meesho.com/search?q=MacBook+Air+M2+256GB+Space+Grey
MacBook Air M3 8GB 256GB,https://images.unsplash.com/photo-1523275335684-37898b6baf30?w=300&auto=format&fit=crop,Check Live Offers,Amazon / Flipkart,https://www.amazon.in/s?k=MacBook+Air+M3+8GB+256GB,https://www.amazon.in/s?k=MacBook+Air+M3+8GB+256GB,https://www.flipkart.com/search?q=MacBook+Air+M3+8GB+256GB,https://www.ebay.com/sch/i.html?_nkw=MacBook+Air+M3+8GB+256GB,https://www.temu.com/search_result.html?search_key=MacBook+Air+M3+8GB+256GB,https://www.alibaba.com/trade/search?SearchText=MacBook+Air+M3+8GB+256GB,https://www.aliexpress.com/w/wholesale-macbook+air+m3+8gb+256gb.html,https://www.myntra.com/macbook+air+m3+8gb+256gb,https://www.meesho.com/search?q=MacBook+Air+M3+8GB+256GB
Dell 15 Laptop Intel Core i5,https://images.unsplash.com/photo-1523275335684-37898b6baf30?w=300&auto=format&fit=crop,Check Live Offers,Amazon / Flipkart,https://www.amazon.in/s?k=Dell+15+Laptop+Intel+Core+i5,https://www.amazon.in/s?k=Dell+15+Laptop+Intel+Core+i5,https://www.flipkart.com/search?q=Dell+15+Laptop+Intel+Core+i5,https://www.ebay.com/sch/i.html?_nkw=Dell+15+Laptop+Intel+Core+i5,https://www.temu.com/search_result.html?search_key=Dell+15+Laptop+Intel+Core+i5,https://www.alibaba.com/trade/search?SearchText=Dell+15+Laptop+Intel+Core+i5,https://www.aliexpress.com/w/wholesale-dell+15+laptop+intel+core+i5.html,https://www.myntra.com/dell+15+laptop+intel+core+i5,https://www.meesho.com/search?q=Dell+15+Laptop+Intel+Core+i5
HP Laptop 15s Ryzen 5,https://images.unsplash.com/photo-1523275335684-37898b6baf30?w=300&auto=format&fit=crop,Check Live Offers,Amazon / Flipkart,https://www.amazon.in/s?k=HP+Laptop+15s+Ryzen+5,https://www.amazon.in/s?k=HP+Laptop+15s+Ryzen+5,https://www.flipkart.com/search?q=HP+Laptop+15s+Ryzen+5,https://www.ebay.com/sch/i.html?_nkw=HP+Laptop+15s+Ryzen+5,https://www.temu.com/search_result.html?search_key=HP+Laptop+15s+Ryzen+5,https://www.alibaba.com/trade/search?SearchText=HP+Laptop+15s+Ryzen+5,https://www.aliexpress.com/w/wholesale-hp+laptop+15s+ryzen+5.html,https://www.myntra.com/hp+laptop+15s+ryzen+5,https://www.meesho.com/search?q=HP+Laptop+15s+Ryzen+5
Lenovo IdeaPad Slim 3 Core i3,https://images.unsplash.com/photo-1523275335684-37898b6baf30?w=300&auto=format&fit=crop,Check Live Offers,Amazon / Flipkart,https://www.amazon.in/s?k=Lenovo+IdeaPad+Slim+3+Core+i3,https://www.amazon.in/s?k=Lenovo+IdeaPad+Slim+3+Core+i3,https://www.flipkart.com/search?q=Lenovo+IdeaPad+Slim+3+Core+i3,https://www.ebay.com/sch/i.html?_nkw=Lenovo+IdeaPad+Slim+3+Core+i3,https://www.temu.com/search_result.html?search_key=Lenovo+IdeaPad+Slim+3+Core+i3,https://www.alibaba.com/trade/search?SearchText=Lenovo+IdeaPad+Slim+3+Core+i3,https://www.aliexpress.com/w/wholesale-lenovo+ideapad+slim+3+core+i3.html,https://www.myntra.com/lenovo+ideapad+slim+3+core+i3,https://www.meesho.com/search?q=Lenovo+IdeaPad+Slim+3+Core+i3
Asus Vivobook 15 OLED,https://images.unsplash.com/photo-1523275335684-37898b6baf30?w=300&auto=format&fit=crop,Check Live Offers,Amazon / Flipkart,https://www.amazon.in/s?k=Asus+Vivobook+15+OLED,https://www.amazon.in/s?k=Asus+Vivobook+15+OLED,https://www.flipkart.com/search?q=Asus+Vivobook+15+OLED,https://www.ebay.com/sch/i.html?_nkw=Asus+Vivobook+15+OLED,https://www.temu.com/search_result.html?search_key=Asus+Vivobook+15+OLED,https://www.alibaba.com/trade/search?SearchText=Asus+Vivobook+15+OLED,https://www.aliexpress.com/w/wholesale-asus+vivobook+15+oled.html,https://www.myntra.com/asus+vivobook+15+oled,https://www.meesho.com/search?q=Asus+Vivobook+15+OLED
Acer Nitro 5 Gaming Laptop,https://images.unsplash.com/photo-1523275335684-37898b6baf30?w=300&auto=format&fit=crop,Check Live Offers,Amazon / Flipkart,https://www.amazon.in/s?k=Acer+Nitro+5+Gaming+Laptop,https://www.amazon.in/s?k=Acer+Nitro+5+Gaming+Laptop,https://www.flipkart.com/search?q=Acer+Nitro+5+Gaming+Laptop,https://www.ebay.com/sch/i.html?_nkw=Acer+Nitro+5+Gaming+Laptop,https://www.temu.com/search_result.html?search_key=Acer+Nitro+5+Gaming+Laptop,https://www.alibaba.com/trade/search?SearchText=Acer+Nitro+5+Gaming+Laptop,https://www.aliexpress.com/w/wholesale-acer+nitro+5+gaming+laptop.html,https://www.myntra.com/acer+nitro+5+gaming+laptop,https://www.meesho.com/search?q=Acer+Nitro+5+Gaming+Laptop
boAt Airdopes 141 Bluetooth Earbuds,https://images.unsplash.com/photo-1523275335684-37898b6baf30?w=300&auto=format&fit=crop,Check Live Offers,Amazon / Flipkart,https://www.amazon.in/s?k=boAt+Airdopes+141+Bluetooth+Earbuds,https://www.amazon.in/s?k=boAt+Airdopes+141+Bluetooth+Earbuds,https://www.flipkart.com/search?q=boAt+Airdopes+141+Bluetooth+Earbuds,https://www.ebay.com/sch/i.html?_nkw=boAt+Airdopes+141+Bluetooth+Earbuds,https://www.temu.com/search_result.html?search_key=boAt+Airdopes+141+Bluetooth+Earbuds,https://www.alibaba.com/trade/search?SearchText=boAt+Airdopes+141+Bluetooth+Earbuds,https://www.aliexpress.com/w/wholesale-boat+airdopes+141+bluetooth+earbuds.html,https://www.myntra.com/boat+airdopes+141+bluetooth+earbuds,https://www.meesho.com/search?q=boAt+Airdopes+141+Bluetooth+Earbuds
boAt Rockerz 255 Pro Plus,https://images.unsplash.com/photo-1523275335684-37898b6baf30?w=300&auto=format&fit=crop,Check Live Offers,Amazon / Flipkart,https://www.amazon.in/s?k=boAt+Rockerz+255+Pro+Plus,https://www.amazon.in/s?k=boAt+Rockerz+255+Pro+Plus,https://www.flipkart.com/search?q=boAt+Rockerz+255+Pro+Plus,https://www.ebay.com/sch/i.html?_nkw=boAt+Rockerz+255+Pro+Plus,https://www.temu.com/search_result.html?search_key=boAt+Rockerz+255+Pro+Plus,https://www.alibaba.com/trade/search?SearchText=boAt+Rockerz+255+Pro+Plus,https://www.aliexpress.com/w/wholesale-boat+rockerz+255+pro+plus.html,https://www.myntra.com/boat+rockerz+255+pro+plus,https://www.meesho.com/search?q=boAt+Rockerz+255+Pro+Plus
Sony WH-1000XM5 Wireless Headphones,https://images.unsplash.com/photo-1523275335684-37898b6baf30?w=300&auto=format&fit=crop,Check Live Offers,Amazon / Flipkart,https://www.amazon.in/s?k=Sony+WH-1000XM5+Wireless+Headphones,https://www.amazon.in/s?k=Sony+WH-1000XM5+Wireless+Headphones,https://www.flipkart.com/search?q=Sony+WH-1000XM5+Wireless+Headphones,https://www.ebay.com/sch/i.html?_nkw=Sony+WH-1000XM5+Wireless+Headphones,https://www.temu.com/search_result.html?search_key=Sony+WH-1000XM5+Wireless+Headphones,https://www.alibaba.com/trade/search?SearchText=Sony+WH-1000XM5+Wireless+Headphones,https://www.aliexpress.com/w/wholesale-sony+wh-1000xm5+wireless+headphones.html,https://www.myntra.com/sony+wh-1000xm5+wireless+headphones,https://www.meesho.com/search?q=Sony+WH-1000XM5+Wireless+Headphones
JBL Wave 200TWS Earbuds,https://images.unsplash.com/photo-1523275335684-37898b6baf30?w=300&auto=format&fit=crop,Check Live Offers,Amazon / Flipkart,https://www.amazon.in/s?k=JBL+Wave+200TWS+Earbuds,https://www.amazon.in/s?k=JBL+Wave+200TWS+Earbuds,https://www.flipkart.com/search?q=JBL+Wave+200TWS+Earbuds,https://www.ebay.com/sch/i.html?_nkw=JBL+Wave+200TWS+Earbuds,https://www.temu.com/search_result.html?search_key=JBL+Wave+200TWS+Earbuds,https://www.alibaba.com/trade/search?SearchText=JBL+Wave+200TWS+Earbuds,https://www.aliexpress.com/w/wholesale-jbl+wave+200tws+earbuds.html,https://www.myntra.com/jbl+wave+200tws+earbuds,https://www.meesho.com/search?q=JBL+Wave+200TWS+Earbuds
Noise Buds VS102 Truly Wireless,https://images.unsplash.com/photo-1523275335684-37898b6baf30?w=300&auto=format&fit=crop,Check Live Offers,Amazon / Flipkart,https://www.amazon.in/s?k=Noise+Buds+VS102+Truly+Wireless,https://www.amazon.in/s?k=Noise+Buds+VS102+Truly+Wireless,https://www.flipkart.com/search?q=Noise+Buds+VS102+Truly+Wireless,https://www.ebay.com/sch/i.html?_nkw=Noise+Buds+VS102+Truly+Wireless,https://www.temu.com/search_result.html?search_key=Noise+Buds+VS102+Truly+Wireless,https://www.alibaba.com/trade/search?SearchText=Noise+Buds+VS102+Truly+Wireless,https://www.aliexpress.com/w/wholesale-noise+buds+vs102+truly+wireless.html,https://www.myntra.com/noise+buds+vs102+truly+wireless,https://www.meesho.com/search?q=Noise+Buds+VS102+Truly+Wireless
OnePlus Buds Z2 ANC,https://images.unsplash.com/photo-1523275335684-37898b6baf30?w=300&auto=format&fit=crop,Check Live Offers,Amazon / Flipkart,https://www.amazon.in/s?k=OnePlus+Buds+Z2+ANC,https://www.amazon.in/s?k=OnePlus+Buds+Z2+ANC,https://www.flipkart.com/search?q=OnePlus+Buds+Z2+ANC,https://www.ebay.com/sch/i.html?_nkw=OnePlus+Buds+Z2+ANC,https://www.temu.com/search_result.html?search_key=OnePlus+Buds+Z2+ANC,https://www.alibaba.com/trade/search?SearchText=OnePlus+Buds+Z2+ANC,https://www.aliexpress.com/w/wholesale-oneplus+buds+z2+anc.html,https://www.myntra.com/oneplus+buds+z2+anc,https://www.meesho.com/search?q=OnePlus+Buds+Z2+ANC
Realme Buds Air 5 Pro,https://images.unsplash.com/photo-1523275335684-37898b6baf30?w=300&auto=format&fit=crop,Check Live Offers,Amazon / Flipkart,https://www.amazon.in/s?k=Realme+Buds+Air+5+Pro,https://www.amazon.in/s?k=Realme+Buds+Air+5+Pro,https://www.flipkart.com/search?q=Realme+Buds+Air+5+Pro,https://www.ebay.com/sch/i.html?_nkw=Realme+Buds+Air+5+Pro,https://www.temu.com/search_result.html?search_key=Realme+Buds+Air+5+Pro,https://www.alibaba.com/trade/search?SearchText=Realme+Buds+Air+5+Pro,https://www.aliexpress.com/w/wholesale-realme+buds+air+5+pro.html,https://www.myntra.com/realme+buds+air+5+pro,https://www.meesho.com/search?q=Realme+Buds+Air+5+Pro
Boult Audio Z40 Earbuds,https://images.unsplash.com/photo-1523275335684-37898b6baf30?w=300&auto=format&fit=crop,Check Live Offers,Amazon / Flipkart,https://www.amazon.in/s?k=Boult+Audio+Z40+Earbuds,https://www.amazon.in/s?k=Boult+Audio+Z40+Earbuds,https://www.flipkart.com/search?q=Boult+Audio+Z40+Earbuds,https://www.ebay.com/sch/i.html?_nkw=Boult+Audio+Z40+Earbuds,https://www.temu.com/search_result.html?search_key=Boult+Audio+Z40+Earbuds,https://www.alibaba.com/trade/search?SearchText=Boult+Audio+Z40+Earbuds,https://www.aliexpress.com/w/wholesale-boult+audio+z40+earbuds.html,https://www.myntra.com/boult+audio+z40+earbuds,https://www.meesho.com/search?q=Boult+Audio+Z40+Earbuds
Noise ColorFit Pulse 2 Smartwatch,https://images.unsplash.com/photo-1523275335684-37898b6baf30?w=300&auto=format&fit=crop,Check Live Offers,Amazon / Flipkart,https://www.amazon.in/s?k=Noise+ColorFit+Pulse+2+Smartwatch,https://www.amazon.in/s?k=Noise+ColorFit+Pulse+2+Smartwatch,https://www.flipkart.com/search?q=Noise+ColorFit+Pulse+2+Smartwatch,https://www.ebay.com/sch/i.html?_nkw=Noise+ColorFit+Pulse+2+Smartwatch,https://www.temu.com/search_result.html?search_key=Noise+ColorFit+Pulse+2+Smartwatch,https://www.alibaba.com/trade/search?SearchText=Noise+ColorFit+Pulse+2+Smartwatch,https://www.aliexpress.com/w/wholesale-noise+colorfit+pulse+2+smartwatch.html,https://www.myntra.com/noise+colorfit+pulse+2+smartwatch,https://www.meesho.com/search?q=Noise+ColorFit+Pulse+2+Smartwatch
Fire-Boltt Ninja Call Pro Plus,https://images.unsplash.com/photo-1523275335684-37898b6baf30?w=300&auto=format&fit=crop,Check Live Offers,Amazon / Flipkart,https://www.amazon.in/s?k=Fire-Boltt+Ninja+Call+Pro+Plus,https://www.amazon.in/s?k=Fire-Boltt+Ninja+Call+Pro+Plus,https://www.flipkart.com/search?q=Fire-Boltt+Ninja+Call+Pro+Plus,https://www.ebay.com/sch/i.html?_nkw=Fire-Boltt+Ninja+Call+Pro+Plus,https://www.temu.com/search_result.html?search_key=Fire-Boltt+Ninja+Call+Pro+Plus,https://www.alibaba.com/trade/search?SearchText=Fire-Boltt+Ninja+Call+Pro+Plus,https://www.aliexpress.com/w/wholesale-fire-boltt+ninja+call+pro+plus.html,https://www.myntra.com/fire-boltt+ninja+call+pro+plus,https://www.meesho.com/search?q=Fire-Boltt+Ninja+Call+Pro+Plus
boAt Wave Call Smartwatch,https://images.unsplash.com/photo-1523275335684-37898b6baf30?w=300&auto=format&fit=crop,Check Live Offers,Amazon / Flipkart,https://www.amazon.in/s?k=boAt+Wave+Call+Smartwatch,https://www.amazon.in/s?k=boAt+Wave+Call+Smartwatch,https://www.flipkart.com/search?q=boAt+Wave+Call+Smartwatch,https://www.ebay.com/sch/i.html?_nkw=boAt+Wave+Call+Smartwatch,https://www.temu.com/search_result.html?search_key=boAt+Wave+Call+Smartwatch,https://www.alibaba.com/trade/search?SearchText=boAt+Wave+Call+Smartwatch,https://www.aliexpress.com/w/wholesale-boat+wave+call+smartwatch.html,https://www.myntra.com/boat+wave+call+smartwatch,https://www.meesho.com/search?q=boAt+Wave+Call+Smartwatch
Apple Watch Series 9 GPS 41mm,https://images.unsplash.com/photo-1523275335684-37898b6baf30?w=300&auto=format&fit=crop,Check Live Offers,Amazon / Flipkart,https://www.amazon.in/s?k=Apple+Watch+Series+9+GPS+41mm,https://www.amazon.in/s?k=Apple+Watch+Series+9+GPS+41mm,https://www.flipkart.com/search?q=Apple+Watch+Series+9+GPS+41mm,https://www.ebay.com/sch/i.html?_nkw=Apple+Watch+Series+9+GPS+41mm,https://www.temu.com/search_result.html?search_key=Apple+Watch+Series+9+GPS+41mm,https://www.alibaba.com/trade/search?SearchText=Apple+Watch+Series+9+GPS+41mm,https://www.aliexpress.com/w/wholesale-apple+watch+series+9+gps+41mm.html,https://www.myntra.com/apple+watch+series+9+gps+41mm,https://www.meesho.com/search?q=Apple+Watch+Series+9+GPS+41mm
Samsung Galaxy Watch 6 LTE,https://images.unsplash.com/photo-1523275335684-37898b6baf30?w=300&auto=format&fit=crop,Check Live Offers,Amazon / Flipkart,https://www.amazon.in/s?k=Samsung+Galaxy+Watch+6+LTE,https://www.amazon.in/s?k=Samsung+Galaxy+Watch+6+LTE,https://www.flipkart.com/search?q=Samsung+Galaxy+Watch+6+LTE,https://www.ebay.com/sch/i.html?_nkw=Samsung+Galaxy+Watch+6+LTE,https://www.temu.com/search_result.html?search_key=Samsung+Galaxy+Watch+6+LTE,https://www.alibaba.com/trade/search?SearchText=Samsung+Galaxy+Watch+6+LTE,https://www.aliexpress.com/w/wholesale-samsung+galaxy+watch+6+lte.html,https://www.myntra.com/samsung+galaxy+watch+6+lte,https://www.meesho.com/search?q=Samsung+Galaxy+Watch+6+LTE
Fastrack Limitless FS1 Smartwatch,https://images.unsplash.com/photo-1523275335684-37898b6baf30?w=300&auto=format&fit=crop,Check Live Offers,Amazon / Flipkart,https://www.amazon.in/s?k=Fastrack+Limitless+FS1+Smartwatch,https://www.amazon.in/s?k=Fastrack+Limitless+FS1+Smartwatch,https://www.flipkart.com/search?q=Fastrack+Limitless+FS1+Smartwatch,https://www.ebay.com/sch/i.html?_nkw=Fastrack+Limitless+FS1+Smartwatch,https://www.temu.com/search_result.html?search_key=Fastrack+Limitless+FS1+Smartwatch,https://www.alibaba.com/trade/search?SearchText=Fastrack+Limitless+FS1+Smartwatch,https://www.aliexpress.com/w/wholesale-fastrack+limitless+fs1+smartwatch.html,https://www.myntra.com/fastrack+limitless+fs1+smartwatch,https://www.meesho.com/search?q=Fastrack+Limitless+FS1+Smartwatch
Nike Revolution 6 Running Shoes,https://images.unsplash.com/photo-1523275335684-37898b6baf30?w=300&auto=format&fit=crop,Check Live Offers,Amazon / Flipkart,https://www.amazon.in/s?k=Nike+Revolution+6+Running+Shoes,https://www.amazon.in/s?k=Nike+Revolution+6+Running+Shoes,https://www.flipkart.com/search?q=Nike+Revolution+6+Running+Shoes,https://www.ebay.com/sch/i.html?_nkw=Nike+Revolution+6+Running+Shoes,https://www.temu.com/search_result.html?search_key=Nike+Revolution+6+Running+Shoes,https://www.alibaba.com/trade/search?SearchText=Nike+Revolution+6+Running+Shoes,https://www.aliexpress.com/w/wholesale-nike+revolution+6+running+shoes.html,https://www.myntra.com/nike+revolution+6+running+shoes,https://www.meesho.com/search?q=Nike+Revolution+6+Running+Shoes
Nike Air Force 1 07 White,https://images.unsplash.com/photo-1523275335684-37898b6baf30?w=300&auto=format&fit=crop,Check Live Offers,Amazon / Flipkart,https://www.amazon.in/s?k=Nike+Air+Force+1+07+White,https://www.amazon.in/s?k=Nike+Air+Force+1+07+White,https://www.flipkart.com/search?q=Nike+Air+Force+1+07+White,https://www.ebay.com/sch/i.html?_nkw=Nike+Air+Force+1+07+White,https://www.temu.com/search_result.html?search_key=Nike+Air+Force+1+07+White,https://www.alibaba.com/trade/search?SearchText=Nike+Air+Force+1+07+White,https://www.aliexpress.com/w/wholesale-nike+air+force+1+07+white.html,https://www.myntra.com/nike+air+force+1+07+white,https://www.meesho.com/search?q=Nike+Air+Force+1+07+White
Puma Dazzler Sneakers,https://images.unsplash.com/photo-1523275335684-37898b6baf30?w=300&auto=format&fit=crop,Check Live Offers,Amazon / Flipkart,https://www.amazon.in/s?k=Puma+Dazzler+Sneakers,https://www.amazon.in/s?k=Puma+Dazzler+Sneakers,https://www.flipkart.com/search?q=Puma+Dazzler+Sneakers,https://www.ebay.com/sch/i.html?_nkw=Puma+Dazzler+Sneakers,https://www.temu.com/search_result.html?search_key=Puma+Dazzler+Sneakers,https://www.alibaba.com/trade/search?SearchText=Puma+Dazzler+Sneakers,https://www.aliexpress.com/w/wholesale-puma+dazzler+sneakers.html,https://www.myntra.com/puma+dazzler+sneakers,https://www.meesho.com/search?q=Puma+Dazzler+Sneakers
Puma Smash v2 Leather Shoes,https://images.unsplash.com/photo-1523275335684-37898b6baf30?w=300&auto=format&fit=crop,Check Live Offers,Amazon / Flipkart,https://www.amazon.in/s?k=Puma+Smash+v2+Leather+Shoes,https://www.amazon.in/s?k=Puma+Smash+v2+Leather+Shoes,https://www.flipkart.com/search?q=Puma+Smash+v2+Leather+Shoes,https://www.ebay.com/sch/i.html?_nkw=Puma+Smash+v2+Leather+Shoes,https://www.temu.com/search_result.html?search_key=Puma+Smash+v2+Leather+Shoes,https://www.alibaba.com/trade/search?SearchText=Puma+Smash+v2+Leather+Shoes,https://www.aliexpress.com/w/wholesale-puma+smash+v2+leather+shoes.html,https://www.myntra.com/puma+smash+v2+leather+shoes,https://www.meesho.com/search?q=Puma+Smash+v2+Leather+Shoes
Adidas Runfalcon 3.0 Shoes,https://images.unsplash.com/photo-1523275335684-37898b6baf30?w=300&auto=format&fit=crop,Check Live Offers,Amazon / Flipkart,https://www.amazon.in/s?k=Adidas+Runfalcon+3.0+Shoes,https://www.amazon.in/s?k=Adidas+Runfalcon+3.0+Shoes,https://www.flipkart.com/search?q=Adidas+Runfalcon+3.0+Shoes,https://www.ebay.com/sch/i.html?_nkw=Adidas+Runfalcon+3.0+Shoes,https://www.temu.com/search_result.html?search_key=Adidas+Runfalcon+3.0+Shoes,https://www.alibaba.com/trade/search?SearchText=Adidas+Runfalcon+3.0+Shoes,https://www.aliexpress.com/w/wholesale-adidas+runfalcon+3.0+shoes.html,https://www.myntra.com/adidas+runfalcon+3.0+shoes,https://www.meesho.com/search?q=Adidas+Runfalcon+3.0+Shoes
Red Tape Casual Sneaker Shoes,https://images.unsplash.com/photo-1523275335684-37898b6baf30?w=300&auto=format&fit=crop,Check Live Offers,Amazon / Flipkart,https://www.amazon.in/s?k=Red+Tape+Casual+Sneaker+Shoes,https://www.amazon.in/s?k=Red+Tape+Casual+Sneaker+Shoes,https://www.flipkart.com/search?q=Red+Tape+Casual+Sneaker+Shoes,https://www.ebay.com/sch/i.html?_nkw=Red+Tape+Casual+Sneaker+Shoes,https://www.temu.com/search_result.html?search_key=Red+Tape+Casual+Sneaker+Shoes,https://www.alibaba.com/trade/search?SearchText=Red+Tape+Casual+Sneaker+Shoes,https://www.aliexpress.com/w/wholesale-red+tape+casual+sneaker+shoes.html,https://www.myntra.com/red+tape+casual+sneaker+shoes,https://www.meesho.com/search?q=Red+Tape+Casual+Sneaker+Shoes
Woodland Mens Leather Shoes,https://images.unsplash.com/photo-1523275335684-37898b6baf30?w=300&auto=format&fit=crop,Check Live Offers,Amazon / Flipkart,https://www.amazon.in/s?k=Woodland+Mens+Leather+Shoes,https://www.amazon.in/s?k=Woodland+Mens+Leather+Shoes,https://www.flipkart.com/search?q=Woodland+Mens+Leather+Shoes,https://www.ebay.com/sch/i.html?_nkw=Woodland+Mens+Leather+Shoes,https://www.temu.com/search_result.html?search_key=Woodland+Mens+Leather+Shoes,https://www.alibaba.com/trade/search?SearchText=Woodland+Mens+Leather+Shoes,https://www.aliexpress.com/w/wholesale-woodland+mens+leather+shoes.html,https://www.myntra.com/woodland+mens+leather+shoes,https://www.meesho.com/search?q=Woodland+Mens+Leather+Shoes
Levis Mens 511 Slim Fit Jeans,https://images.unsplash.com/photo-1523275335684-37898b6baf30?w=300&auto=format&fit=crop,Check Live Offers,Amazon / Flipkart,https://www.amazon.in/s?k=Levis+Mens+511+Slim+Fit+Jeans,https://www.amazon.in/s?k=Levis+Mens+511+Slim+Fit+Jeans,https://www.flipkart.com/search?q=Levis+Mens+511+Slim+Fit+Jeans,https://www.ebay.com/sch/i.html?_nkw=Levis+Mens+511+Slim+Fit+Jeans,https://www.temu.com/search_result.html?search_key=Levis+Mens+511+Slim+Fit+Jeans,https://www.alibaba.com/trade/search?SearchText=Levis+Mens+511+Slim+Fit+Jeans,https://www.aliexpress.com/w/wholesale-levis+mens+511+slim+fit+jeans.html,https://www.myntra.com/levis+mens+511+slim+fit+jeans,https://www.meesho.com/search?q=Levis+Mens+511+Slim+Fit+Jeans
Allen Solly Mens Cotton Casual Shirt,https://images.unsplash.com/photo-1523275335684-37898b6baf30?w=300&auto=format&fit=crop,Check Live Offers,Amazon / Flipkart,https://www.amazon.in/s?k=Allen+Solly+Mens+Cotton+Casual+Shirt,https://www.amazon.in/s?k=Allen+Solly+Mens+Cotton+Casual+Shirt,https://www.flipkart.com/search?q=Allen+Solly+Mens+Cotton+Casual+Shirt,https://www.ebay.com/sch/i.html?_nkw=Allen+Solly+Mens+Cotton+Casual+Shirt,https://www.temu.com/search_result.html?search_key=Allen+Solly+Mens+Cotton+Casual+Shirt,https://www.alibaba.com/trade/search?SearchText=Allen+Solly+Mens+Cotton+Casual+Shirt,https://www.aliexpress.com/w/wholesale-allen+solly+mens+cotton+casual+shirt.html,https://www.myntra.com/allen+solly+mens+cotton+casual+shirt,https://www.meesho.com/search?q=Allen+Solly+Mens+Cotton+Casual+Shirt
US Polo Assn Solid T Shirt,https://images.unsplash.com/photo-1523275335684-37898b6baf30?w=300&auto=format&fit=crop,Check Live Offers,Amazon / Flipkart,https://www.amazon.in/s?k=US+Polo+Assn+Solid+T+Shirt,https://www.amazon.in/s?k=US+Polo+Assn+Solid+T+Shirt,https://www.flipkart.com/search?q=US+Polo+Assn+Solid+T+Shirt,https://www.ebay.com/sch/i.html?_nkw=US+Polo+Assn+Solid+T+Shirt,https://www.temu.com/search_result.html?search_key=US+Polo+Assn+Solid+T+Shirt,https://www.alibaba.com/trade/search?SearchText=US+Polo+Assn+Solid+T+Shirt,https://www.aliexpress.com/w/wholesale-us+polo+assn+solid+t+shirt.html,https://www.myntra.com/us+polo+assn+solid+t+shirt,https://www.meesho.com/search?q=US+Polo+Assn+Solid+T+Shirt
JBL Go 3 Portable Speaker,https://images.unsplash.com/photo-1523275335684-37898b6baf30?w=300&auto=format&fit=crop,Check Live Offers,Amazon / Flipkart,https://www.amazon.in/s?k=JBL+Go+3+Portable+Speaker,https://www.amazon.in/s?k=JBL+Go+3+Portable+Speaker,https://www.flipkart.com/search?q=JBL+Go+3+Portable+Speaker,https://www.ebay.com/sch/i.html?_nkw=JBL+Go+3+Portable+Speaker,https://www.temu.com/search_result.html?search_key=JBL+Go+3+Portable+Speaker,https://www.alibaba.com/trade/search?SearchText=JBL+Go+3+Portable+Speaker,https://www.aliexpress.com/w/wholesale-jbl+go+3+portable+speaker.html,https://www.myntra.com/jbl+go+3+portable+speaker,https://www.meesho.com/search?q=JBL+Go+3+Portable+Speaker
boAt Stone 350 7W Speaker,https://images.unsplash.com/photo-1523275335684-37898b6baf30?w=300&auto=format&fit=crop,Check Live Offers,Amazon / Flipkart,https://www.amazon.in/s?k=boAt+Stone+350+7W+Speaker,https://www.amazon.in/s?k=boAt+Stone+350+7W+Speaker,https://www.flipkart.com/search?q=boAt+Stone+350+7W+Speaker,https://www.ebay.com/sch/i.html?_nkw=boAt+Stone+350+7W+Speaker,https://www.temu.com/search_result.html?search_key=boAt+Stone+350+7W+Speaker,https://www.alibaba.com/trade/search?SearchText=boAt+Stone+350+7W+Speaker,https://www.aliexpress.com/w/wholesale-boat+stone+350+7w+speaker.html,https://www.myntra.com/boat+stone+350+7w+speaker,https://www.meesho.com/search?q=boAt+Stone+350+7W+Speaker
Mi Power Bank 3i 20000mAh,https://images.unsplash.com/photo-1523275335684-37898b6baf30?w=300&auto=format&fit=crop,Check Live Offers,Amazon / Flipkart,https://www.amazon.in/s?k=Mi+Power+Bank+3i+20000mAh,https://www.amazon.in/s?k=Mi+Power+Bank+3i+20000mAh,https://www.flipkart.com/search?q=Mi+Power+Bank+3i+20000mAh,https://www.ebay.com/sch/i.html?_nkw=Mi+Power+Bank+3i+20000mAh,https://www.temu.com/search_result.html?search_key=Mi+Power+Bank+3i+20000mAh,https://www.alibaba.com/trade/search?SearchText=Mi+Power+Bank+3i+20000mAh,https://www.aliexpress.com/w/wholesale-mi+power+bank+3i+20000mah.html,https://www.myntra.com/mi+power+bank+3i+20000mah,https://www.meesho.com/search?q=Mi+Power+Bank+3i+20000mAh
SanDisk Ultra 128GB MicroSD Card,https://images.unsplash.com/photo-1523275335684-37898b6baf30?w=300&auto=format&fit=crop,Check Live Offers,Amazon / Flipkart,https://www.amazon.in/s?k=SanDisk+Ultra+128GB+MicroSD+Card,https://www.amazon.in/s?k=SanDisk+Ultra+128GB+MicroSD+Card,https://www.flipkart.com/search?q=SanDisk+Ultra+128GB+MicroSD+Card,https://www.ebay.com/sch/i.html?_nkw=SanDisk+Ultra+128GB+MicroSD+Card,https://www.temu.com/search_result.html?search_key=SanDisk+Ultra+128GB+MicroSD+Card,https://www.alibaba.com/trade/search?SearchText=SanDisk+Ultra+128GB+MicroSD+Card,https://www.aliexpress.com/w/wholesale-sandisk+ultra+128gb+microsd+card.html,https://www.myntra.com/sandisk+ultra+128gb+microsd+card,https://www.meesho.com/search?q=SanDisk+Ultra+128GB+MicroSD+Card
